<application>
  <component name="ProjectManager">
    <defaultProject>
      <component name="MavenImportPreferences">
        <option name="generalSettings">
          <MavenGeneralSettings>
            <option name="mavenHome" value="D:/04_Maven/apache-maven-3.3.9" />
          </MavenGeneralSettings>
        </option>
        <option name="importingSettings">
          <MavenImportingSettings>
            <option name="vmOptionsForImporter" value="-Xmx768m" />
          </MavenImportingSettings>
        </option>
      </component>
      <component name="MavenRunner">
        <option name="jreName" value="1.8" />
        <option name="vmOptions" value="-DarchetypeCatalog=internal" />
      </component>
      <component name="PropertiesComponent">
        <property name="settings.editor.selected.configurable" value="editor.preferences.gutterIcons" />
      </component>
    </defaultProject>
  </component>
</application>